1,296-40599-1-ND
31,1292-1392-1-ND
34,RNCP0603FTD10K0CT-ND
6,311-100KHRCT-ND
6,311-1.00KHRCT-ND
1,MCP4251T-103E/SLCT-ND
2,296-LM2904BIDRCT-ND
2,296-14274-1-ND
1,296-14594-1-ND
1,CP-SJ2-35813A-SMT-CT-ND
4,399-6650-1-ND
2,311-1445-1-ND
2,490-5854-1-ND
1,1276-2222-1-ND
1,490-4781-1-ND
2,490-10731-1-ND
1,732-8818-1-ND
1,1292-1392-1-ND
1,MMSZ5232BT1GOSCT-ND
1,MMSZ4685-TPMSCT-ND
2,MMSZ4692T1GOSCT-ND
7,SD103AWSTPMSCT-ND
1,WM6089-ND
1,S7071-ND
6,445-174936-1-ND
6,SI2347DS-T1-GE3CT-ND
2,DMN3404LDICT-ND
4,DMN67D8LW-13DICT-ND
1,497-11222-1-ND
1,RMCF0603FT10M0CT-ND
2,P20.0KHCT-ND
1,CWI333-ND
1,150-ATMEGA4808-AURCT-ND
1,150-BM83SM1-00AA-ND
1,296-11599-1-ND
1,ICM7555IBAZ-TCT-ND
1,MCP2561-I/SN-ND
1,296-9848-1-ND
1,DIT4096IPW-ND
1,296-36706-1-ND
1,AS321KTR-G1DICT-ND
1,CAT25128VI-GT3OSCT-ND
