6,399-6650-1-ND
44,1292-1392-1-ND
2,490-4781-1-ND
1,732-8818-1-ND
1,490-4771-1-ND
8,311-1445-1-ND
4,1292-1500-2-ND
2,490-10731-1-ND
2,478-KGM15ACG1H331FTCT-ND
6,1276-2891-1-ND
2,H11615CT-ND
2,MMSZ5232BT1GOSCT-ND
1,MMSZ4685-TPMSCT-ND
2,MMSZ4692T1GOSCT-ND
8,SD103AWSTPMSCT-ND
1,160-1130-ND
1,160-1966-ND
1,WM11972-ND
1,A33180-ND
1,S7071-ND
1,900-2086581051CT-ND
1,S2B-PH-K-S
1,952-2121-ND
10,445-174936-1-ND
10,SI2347DS-T1-GE3CT-ND
3,DMN3404LDICT-ND
4,DMN67D8LW-13DICT-ND
6,DMN67D8LW-13DICT-ND
49,RNCP0603FTD10K0CT-ND
8,311-470GRCT-ND
1,P100HCT-ND
1,RMCF0603FT10M0CT-ND
1,311-47.0KHRCT-ND
2,311-33.0KHRCT-ND
2,RMCF0603FT12K0CT-ND
4,RMCF0603FT36K0CT-ND
5,311-100KHRCT-ND
5,P20.0KHCT-ND
2,311-150HRCT-ND
1,507-SI-51005-F-ND
1,2073-MEM2061-01-188-00-ACT-ND
1,ATMEGA3208-AFRCT-ND
1,ICM7555IBAZ-TCT-ND
1,MCP2561T-E/SNCT-ND
1,296-13006-1-ND
1,MCP2562-E/SN-ND
1,296-18587-1-ND
1,296-14559-1-ND
1,"1727-74HCT4017D,653CT-ND"
3,296-25495-1-ND
1,USB2514B/M2-ND
1,296-36706-1-ND
1,DIT4096IPW-ND
1,31-AP22653W6-7CT-ND
1,1028-1436-1-ND
1,USB2422T/MJCT-ND
1,296-26307-1-ND
1,296-13011-1-ND
1,AS321KTR-G1DICT-ND
1,MCP4251T-103E/SLCT-ND
1,MCP6006T-E/OT
2,296-14274-1-ND
3,A107353-ND
2,490-5576-1-ND
1,LM6172IMX/NOPBCT-ND
1,296-14594-1-ND
1,296-LM2904BIDRCT-ND
1,296-1281-1-ND
1,497-1593-1-ND
